,CHROM,POS,ID,REF,ALT,QUAL,FILTER,INFO,FORMAT,SAMPLE,ref,reads_all,reads_fwd,reads_rev,reads_pp,reads_pp_fwd,reads_pp_rev,matches,matches_fwd,matches_rev,matches_pp,matches_pp_fwd,matches_pp_rev,mismatches,mismatches_fwd,mismatches_rev,mismatches_pp,mismatches_pp_fwd,mismatches_pp_rev,deletions,deletions_fwd,deletions_rev,deletions_pp,deletions_pp_fwd,deletions_pp_rev,insertions,insertions_fwd,insertions_rev,insertions_pp,insertions_pp_fwd,insertions_pp_rev,A,A_fwd,A_rev,A_pp,A_pp_fwd,A_pp_rev,C,C_fwd,C_rev,C_pp,C_pp_fwd,C_pp_rev,T,T_fwd,T_rev,T_pp,T_pp_fwd,T_pp_rev,G,G_fwd,G_rev,G_pp,G_pp_fwd,G_pp_rev,N,N_fwd,N_rev,N_pp,N_pp_fwd,N_pp_rev,chrom,pos,ALT_len,REF_len,INDEL length,5prime proximity,3prime proximity,proximty,alphabeta,baseChange,total,A %,A_PS,T %,T_PS,C %,C_PS,G %,G_PS,insertions %,insertions_PS,deletions %,deletions_PS,top_base,top_base_seq,majority base %,Top Base matches Nanopolish,ps
2,NC_002952.2,3082,.,G,T,56.932,PASS,.,GT:GQ,1:57,A,11.0,5.0,6.0,0.0,0.0,0.0,11.0,5.0,6.0,0.0,0.0,0.0,0.0,0.0,0.0,0.0,0.0,0.0,0.0,0.0,0.0,0.0,0.0,0.0,0.0,0.0,0.0,0.0,0.0,0.0,11.0,5.0,6.0,0.0,0.0,0.0,0.0,0.0,0.0,0.0,0.0,0.0,0.0,0.0,0.0,0.0,0.0,0.0,0.0,0.0,0.0,0.0,0.0,0.0,0.0,0.0,0.0,0.0,0.0,0.0,NC_002952.2,3082.0,1,1,0,1677.0,5466.0,1677.0,1.0,8,11.0,100.0,1.0,0.0,0.0,0.0,0.0,0.0,0.0,0.0,0.0,0.0,0.0,11.0,A,1.0,0,0.0
3,NC_002952.2,8548,.,T,A,56.015,PASS,.,GT:GQ,1:56,C,13.0,8.0,5.0,0.0,0.0,0.0,12.0,7.0,5.0,0.0,0.0,0.0,1.0,1.0,0.0,0.0,0.0,0.0,0.0,0.0,0.0,0.0,0.0,0.0,0.0,0.0,0.0,0.0,0.0,0.0,1.0,1.0,0.0,0.0,0.0,0.0,12.0,7.0,5.0,0.0,0.0,0.0,0.0,0.0,0.0,0.0,0.0,0.0,0.0,0.0,0.0,0.0,0.0,0.0,0.0,0.0,0.0,0.0,0.0,0.0,NC_002952.2,8548.0,1,1,0,5466.0,1155.0,1155.0,1.0,9,13.0,7.6923076923076925,0.07692307692307693,0.0,0.0,92.3076923076923,0.9230769230769231,0.0,0.0,0.0,0.0,0.0,0.0,12.0,C,0.9230769230769231,0,0.07692307692307693
5,NC_002952.2,10006,.,G,T,54.466,PASS,.,GT:GQ,1:54,C,12.0,7.0,5.0,0.0,0.0,0.0,12.0,7.0,5.0,0.0,0.0,0.0,0.0,0.0,0.0,0.0,0.0,0.0,0.0,0.0,0.0,0.0,0.0,0.0,0.0,0.0,0.0,0.0,0.0,0.0,0.0,0.0,0.0,0.0,0.0,0.0,12.0,7.0,5.0,0.0,0.0,0.0,0.0,0.0,0.0,0.0,0.0,0.0,0.0,0.0,0.0,0.0,0.0,0.0,0.0,0.0,0.0,0.0,0.0,0.0,NC_002952.2,10006.0,1,1,0,303.0,1027.0,303.0,1.0,8,12.0,0.0,0.0,0.0,0.0,100.0,1.0,0.0,0.0,0.0,0.0,0.0,0.0,12.0,C,1.0,0,0.0
6,NC_002952.2,11033,.,C,A,59.237,PASS,.,GT:GQ,1:59,T,9.0,5.0,5.0,0.0,0.0,0.0,9.0,4.0,5.0,0.0,0.0,0.0,0.0,0.0,0.0,0.0,0.0,0.0,1.0,1.0,0.0,0.0,0.0,0.0,0.0,0.0,0.0,0.0,0.0,0.0,0.0,0.0,0.0,0.0,0.0,0.0,0.0,0.0,0.0,0.0,0.0,0.0,9.0,4.0,5.0,0.0,0.0,0.0,0.0,0.0,0.0,0.0,0.0,0.0,0.0,0.0,0.0,0.0,0.0,0.0,NC_002952.2,11033.0,1,1,0,1027.0,1104.0,1027.0,1.0,3,9.0,0.0,0.0,90.0,1.0,0.0,0.0,0.0,0.0,0.0,0.0,10.0,0.1111111111111111,9.0,T,1.0,0,0.0
7,NC_002952.2,12137,.,G,A,60.206,PASS,.,GT:GQ,1:60,T,9.0,5.0,4.0,0.0,0.0,0.0,9.0,5.0,4.0,0.0,0.0,0.0,0.0,0.0,0.0,0.0,0.0,0.0,0.0,0.0,0.0,0.0,0.0,0.0,0.0,0.0,0.0,0.0,0.0,0.0,0.0,0.0,0.0,0.0,0.0,0.0,0.0,0.0,0.0,0.0,0.0,0.0,9.0,5.0,4.0,0.0,0.0,0.0,0.0,0.0,0.0,0.0,0.0,0.0,0.0,0.0,0.0,0.0,0.0,0.0,NC_002952.2,12137.0,1,1,0,1104.0,1527.0,1104.0,0.0,6,9.0,0.0,0.0,100.0,1.0,0.0,0.0,0.0,0.0,0.0,0.0,0.0,0.0,9.0,T,1.0,0,0.0
8,NC_002952.2,13664,.,G,T,59.694,PASS,.,GT:GQ,1:60,T,8.0,4.0,4.0,0.0,0.0,0.0,8.0,4.0,4.0,0.0,0.0,0.0,0.0,0.0,0.0,0.0,0.0,0.0,0.0,0.0,0.0,0.0,0.0,0.0,0.0,0.0,0.0,0.0,0.0,0.0,0.0,0.0,0.0,0.0,0.0,0.0,0.0,0.0,0.0,0.0,0.0,0.0,8.0,4.0,4.0,0.0,0.0,0.0,0.0,0.0,0.0,0.0,0.0,0.0,0.0,0.0,0.0,0.0,0.0,0.0,NC_002952.2,13664.0,1,1,0,1527.0,592.0,592.0,1.0,8,8.0,0.0,0.0,100.0,1.0,0.0,0.0,0.0,0.0,0.0,0.0,0.0,0.0,8.0,T,1.0,1,1.0
9,NC_002952.2,14256,.,A,G,58.823,PASS,.,GT:GQ,1:59,C,8.0,4.0,4.0,0.0,0.0,0.0,8.0,4.0,4.0,0.0,0.0,0.0,0.0,0.0,0.0,0.0,0.0,0.0,0.0,0.0,0.0,0.0,0.0,0.0,0.0,0.0,0.0,0.0,0.0,0.0,0.0,0.0,0.0,0.0,0.0,0.0,8.0,4.0,4.0,0.0,0.0,0.0,0.0,0.0,0.0,0.0,0.0,0.0,0.0,0.0,0.0,0.0,0.0,0.0,0.0,0.0,0.0,0.0,0.0,0.0,NC_002952.2,14256.0,1,1,0,592.0,148.0,148.0,0.0,1,8.0,0.0,0.0,0.0,0.0,100.0,1.0,0.0,0.0,0.0,0.0,0.0,0.0,8.0,C,1.0,0,0.0
11,NC_002952.2,15166,.,G,T,56.932,PASS,.,GT:GQ,1:57,T,8.0,4.0,4.0,0.0,0.0,0.0,8.0,4.0,4.0,0.0,0.0,0.0,0.0,0.0,0.0,0.0,0.0,0.0,0.0,0.0,0.0,0.0,0.0,0.0,0.0,0.0,0.0,0.0,0.0,0.0,0.0,0.0,0.0,0.0,0.0,0.0,0.0,0.0,0.0,0.0,0.0,0.0,8.0,4.0,4.0,0.0,0.0,0.0,0.0,0.0,0.0,0.0,0.0,0.0,0.0,0.0,0.0,0.0,0.0,0.0,NC_002952.2,15166.0,1,1,0,762.0,3273.0,762.0,1.0,8,8.0,0.0,0.0,100.0,1.0,0.0,0.0,0.0,0.0,0.0,0.0,0.0,0.0,8.0,T,1.0,1,1.0
12,NC_002952.2,18439,.,A,G,62.247,PASS,.,GT:GQ,1:62,T,6.0,3.0,3.0,0.0,0.0,0.0,6.0,3.0,3.0,0.0,0.0,0.0,0.0,0.0,0.0,0.0,0.0,0.0,0.0,0.0,0.0,0.0,0.0,0.0,0.0,0.0,0.0,0.0,0.0,0.0,0.0,0.0,0.0,0.0,0.0,0.0,0.0,0.0,0.0,0.0,0.0,0.0,6.0,3.0,3.0,0.0,0.0,0.0,0.0,0.0,0.0,0.0,0.0,0.0,0.0,0.0,0.0,0.0,0.0,0.0,NC_002952.2,18439.0,1,1,0,3273.0,1413.0,1413.0,0.0,1,6.0,0.0,0.0,100.0,1.0,0.0,0.0,0.0,0.0,0.0,0.0,0.0,0.0,6.0,T,1.0,0,0.0
13,NC_002952.2,19852,.,C,T,59.237,PASS,.,GT:GQ,1:59,A,5.0,3.0,2.0,0.0,0.0,0.0,5.0,3.0,2.0,0.0,0.0,0.0,0.0,0.0,0.0,0.0,0.0,0.0,0.0,0.0,0.0,0.0,0.0,0.0,0.0,0.0,0.0,0.0,0.0,0.0,5.0,3.0,2.0,0.0,0.0,0.0,0.0,0.0,0.0,0.0,0.0,0.0,0.0,0.0,0.0,0.0,0.0,0.0,0.0,0.0,0.0,0.0,0.0,0.0,0.0,0.0,0.0,0.0,0.0,0.0,NC_002952.2,19852.0,1,1,0,1413.0,354.0,354.0,0.0,5,5.0,100.0,1.0,0.0,0.0,0.0,0.0,0.0,0.0,0.0,0.0,0.0,0.0,5.0,A,1.0,0,0.0
14,NC_002952.2,20206,.,T,A,61.455,PASS,.,GT:GQ,1:61,C,5.0,3.0,2.0,0.0,0.0,0.0,5.0,3.0,2.0,0.0,0.0,0.0,0.0,0.0,0.0,0.0,0.0,0.0,0.0,0.0,0.0,0.0,0.0,0.0,0.0,0.0,0.0,0.0,0.0,0.0,0.0,0.0,0.0,0.0,0.0,0.0,5.0,3.0,2.0,0.0,0.0,0.0,0.0,0.0,0.0,0.0,0.0,0.0,0.0,0.0,0.0,0.0,0.0,0.0,0.0,0.0,0.0,0.0,0.0,0.0,NC_002952.2,20206.0,1,1,0,354.0,3146.0,354.0,1.0,9,5.0,0.0,0.0,0.0,0.0,100.0,1.0,0.0,0.0,0.0,0.0,0.0,0.0,5.0,C,1.0,0,0.0
15,NC_002952.2,23352,.,A,G,58.823,PASS,.,GT:GQ,1:59,G,5.0,3.0,2.0,0.0,0.0,0.0,5.0,3.0,2.0,0.0,0.0,0.0,0.0,0.0,0.0,0.0,0.0,0.0,0.0,0.0,0.0,0.0,0.0,0.0,0.0,0.0,0.0,0.0,0.0,0.0,0.0,0.0,0.0,0.0,0.0,0.0,0.0,0.0,0.0,0.0,0.0,0.0,0.0,0.0,0.0,0.0,0.0,0.0,5.0,3.0,2.0,0.0,0.0,0.0,0.0,0.0,0.0,0.0,0.0,0.0,NC_002952.2,23352.0,1,1,0,3146.0,1569.0,1569.0,0.0,1,5.0,0.0,0.0,0.0,0.0,0.0,0.0,100.0,1.0,0.0,0.0,0.0,0.0,5.0,G,1.0,1,1.0
16,NC_002952.2,24921,.,G,A,0.614,PASS,.,GT:GQ,1:1,T,5.0,3.0,2.0,0.0,0.0,0.0,5.0,3.0,2.0,0.0,0.0,0.0,0.0,0.0,0.0,0.0,0.0,0.0,0.0,0.0,0.0,0.0,0.0,0.0,0.0,0.0,0.0,0.0,0.0,0.0,0.0,0.0,0.0,0.0,0.0,0.0,0.0,0.0,0.0,0.0,0.0,0.0,5.0,3.0,2.0,0.0,0.0,0.0,0.0,0.0,0.0,0.0,0.0,0.0,0.0,0.0,0.0,0.0,0.0,0.0,NC_002952.2,24921.0,1,1,0,1569.0,871.0,871.0,0.0,6,5.0,0.0,0.0,100.0,1.0,0.0,0.0,0.0,0.0,0.0,0.0,0.0,0.0,5.0,T,1.0,0,0.0
17,NC_002952.2,25792,.,T,G,55.257,PASS,.,GT:GQ,1:55,T,5.0,3.0,2.0,0.0,0.0,0.0,5.0,3.0,2.0,0.0,0.0,0.0,0.0,0.0,0.0,0.0,0.0,0.0,0.0,0.0,0.0,0.0,0.0,0.0,0.0,0.0,0.0,0.0,0.0,0.0,0.0,0.0,0.0,0.0,0.0,0.0,0.0,0.0,0.0,0.0,0.0,0.0,5.0,3.0,2.0,0.0,0.0,0.0,0.0,0.0,0.0,0.0,0.0,0.0,0.0,0.0,0.0,0.0,0.0,0.0,NC_002952.2,25792.0,1,1,0,871.0,3144.0,871.0,1.0,11,5.0,0.0,0.0,100.0,1.0,0.0,0.0,0.0,0.0,0.0,0.0,0.0,0.0,5.0,T,1.0,0,0.0
18,NC_002952.2,28936,.,C,A,55.257,PASS,.,GT:GQ,1:55,T,5.0,3.0,2.0,0.0,0.0,0.0,5.0,3.0,2.0,0.0,0.0,0.0,0.0,0.0,0.0,0.0,0.0,0.0,0.0,0.0,0.0,0.0,0.0,0.0,0.0,0.0,0.0,0.0,0.0,0.0,0.0,0.0,0.0,0.0,0.0,0.0,0.0,0.0,0.0,0.0,0.0,0.0,5.0,3.0,2.0,0.0,0.0,0.0,0.0,0.0,0.0,0.0,0.0,0.0,0.0,0.0,0.0,0.0,0.0,0.0,NC_002952.2,28936.0,1,1,0,3144.0,33.0,33.0,1.0,3,5.0,0.0,0.0,100.0,1.0,0.0,0.0,0.0,0.0,0.0,0.0,0.0,0.0,5.0,T,1.0,0,0.0
19,NC_002952.2,28969,.,A,G,64.466,PASS,.,GT:GQ,1:64,A,5.0,3.0,2.0,0.0,0.0,0.0,5.0,3.0,2.0,0.0,0.0,0.0,0.0,0.0,0.0,0.0,0.0,0.0,0.0,0.0,0.0,0.0,0.0,0.0,0.0,0.0,0.0,0.0,0.0,0.0,5.0,3.0,2.0,0.0,0.0,0.0,0.0,0.0,0.0,0.0,0.0,0.0,0.0,0.0,0.0,0.0,0.0,0.0,0.0,0.0,0.0,0.0,0.0,0.0,0.0,0.0,0.0,0.0,0.0,0.0,NC_002952.2,28969.0,1,1,0,33.0,663.0,33.0,0.0,1,5.0,100.0,1.0,0.0,0.0,0.0,0.0,0.0,0.0,0.0,0.0,0.0,0.0,5.0,A,1.0,0,0.0
20,NC_002952.2,29632,.,C,T,59.237,PASS,.,GT:GQ,1:59,T,5.0,3.0,2.0,0.0,0.0,0.0,5.0,3.0,2.0,0.0,0.0,0.0,0.0,0.0,0.0,0.0,0.0,0.0,0.0,0.0,0.0,0.0,0.0,0.0,0.0,0.0,0.0,0.0,0.0,0.0,0.0,0.0,0.0,0.0,0.0,0.0,0.0,0.0,0.0,0.0,0.0,0.0,5.0,3.0,2.0,0.0,0.0,0.0,0.0,0.0,0.0,0.0,0.0,0.0,0.0,0.0,0.0,0.0,0.0,0.0,NC_002952.2,29632.0,1,1,0,663.0,3826.0,663.0,0.0,5,5.0,0.0,0.0,100.0,1.0,0.0,0.0,0.0,0.0,0.0,0.0,0.0,0.0,5.0,T,1.0,1,1.0
21,NC_002952.2,33458,.,A,G,60.786,PASS,.,GT:GQ,1:61,T,5.0,3.0,2.0,0.0,0.0,0.0,5.0,3.0,2.0,0.0,0.0,0.0,0.0,0.0,0.0,0.0,0.0,0.0,0.0,0.0,0.0,0.0,0.0,0.0,0.0,0.0,0.0,0.0,0.0,0.0,0.0,0.0,0.0,0.0,0.0,0.0,0.0,0.0,0.0,0.0,0.0,0.0,5.0,3.0,2.0,0.0,0.0,0.0,0.0,0.0,0.0,0.0,0.0,0.0,0.0,0.0,0.0,0.0,0.0,0.0,NC_002952.2,33458.0,1,1,0,3826.0,1065.0,1065.0,0.0,1,5.0,0.0,0.0,100.0,1.0,0.0,0.0,0.0,0.0,0.0,0.0,0.0,0.0,5.0,T,1.0,0,0.0
23,NC_002952.2,35421,.,G,A,2.11,PASS,.,GT:GQ,1:2,T,5.0,3.0,2.0,0.0,0.0,0.0,5.0,3.0,2.0,0.0,0.0,0.0,0.0,0.0,0.0,0.0,0.0,0.0,0.0,0.0,0.0,0.0,0.0,0.0,0.0,0.0,0.0,0.0,0.0,0.0,0.0,0.0,0.0,0.0,0.0,0.0,0.0,0.0,0.0,0.0,0.0,0.0,5.0,3.0,2.0,0.0,0.0,0.0,0.0,0.0,0.0,0.0,0.0,0.0,0.0,0.0,0.0,0.0,0.0,0.0,NC_002952.2,35421.0,1,1,0,898.0,4403.0,898.0,0.0,6,5.0,0.0,0.0,100.0,1.0,0.0,0.0,0.0,0.0,0.0,0.0,0.0,0.0,5.0,T,1.0,0,0.0
25,NC_002952.2,41731,.,G,T,64.466,PASS,.,GT:GQ,1:64,A,3.0,2.0,1.0,0.0,0.0,0.0,3.0,2.0,1.0,0.0,0.0,0.0,0.0,0.0,0.0,0.0,0.0,0.0,0.0,0.0,0.0,0.0,0.0,0.0,0.0,0.0,0.0,0.0,0.0,0.0,3.0,2.0,1.0,0.0,0.0,0.0,0.0,0.0,0.0,0.0,0.0,0.0,0.0,0.0,0.0,0.0,0.0,0.0,0.0,0.0,0.0,0.0,0.0,0.0,0.0,0.0,0.0,0.0,0.0,0.0,NC_002952.2,41731.0,1,1,0,1907.0,704.0,704.0,1.0,8,3.0,100.0,1.0,0.0,0.0,0.0,0.0,0.0,0.0,0.0,0.0,0.0,0.0,3.0,A,1.0,0,0.0
27,NC_002952.2,44949,.,T,G,53.796,PASS,.,GT:GQ,1:54,T,2.0,1.0,1.0,0.0,0.0,0.0,2.0,1.0,1.0,0.0,0.0,0.0,0.0,0.0,0.0,0.0,0.0,0.0,0.0,0.0,0.0,0.0,0.0,0.0,0.0,0.0,0.0,0.0,0.0,0.0,0.0,0.0,0.0,0.0,0.0,0.0,0.0,0.0,0.0,0.0,0.0,0.0,2.0,1.0,1.0,0.0,0.0,0.0,0.0,0.0,0.0,0.0,0.0,0.0,0.0,0.0,0.0,0.0,0.0,0.0,NC_002952.2,44949.0,1,1,0,2514.0,3665.0,2514.0,1.0,11,2.0,0.0,0.0,100.0,1.0,0.0,0.0,0.0,0.0,0.0,0.0,0.0,0.0,2.0,T,1.0,0,0.0
28,NC_002952.2,48614,.,A,G,0.509,PASS,.,GT:GQ,1:1,A,1.0,0.0,1.0,0.0,0.0,0.0,1.0,0.0,1.0,0.0,0.0,0.0,0.0,0.0,0.0,0.0,0.0,0.0,0.0,0.0,0.0,0.0,0.0,0.0,0.0,0.0,0.0,0.0,0.0,0.0,1.0,0.0,1.0,0.0,0.0,0.0,0.0,0.0,0.0,0.0,0.0,0.0,0.0,0.0,0.0,0.0,0.0,0.0,0.0,0.0,0.0,0.0,0.0,0.0,0.0,0.0,0.0,0.0,0.0,0.0,NC_002952.2,48614.0,1,1,0,3665.0,1038.0,1038.0,0.0,1,1.0,100.0,1.0,0.0,0.0,0.0,0.0,0.0,0.0,0.0,0.0,0.0,0.0,1.0,A,1.0,0,0.0
30,NC_002952.2,50998,.,G,A,56.449,PASS,.,GT:GQ,1:56,T,1.0,0.0,1.0,0.0,0.0,0.0,1.0,0.0,1.0,0.0,0.0,0.0,0.0,0.0,0.0,0.0,0.0,0.0,0.0,0.0,0.0,0.0,0.0,0.0,0.0,0.0,0.0,0.0,0.0,0.0,0.0,0.0,0.0,0.0,0.0,0.0,0.0,0.0,0.0,0.0,0.0,0.0,1.0,0.0,1.0,0.0,0.0,0.0,0.0,0.0,0.0,0.0,0.0,0.0,0.0,0.0,0.0,0.0,0.0,0.0,NC_002952.2,50998.0,1,1,0,1346.0,5273.0,1346.0,0.0,6,1.0,0.0,0.0,100.0,1.0,0.0,0.0,0.0,0.0,0.0,0.0,0.0,0.0,1.0,T,1.0,0,0.0
31,NC_002952.2,56271,.,A,G,49.237,PASS,.,GT:GQ,1:49,A,1.0,0.0,1.0,0.0,0.0,0.0,1.0,0.0,1.0,0.0,0.0,0.0,0.0,0.0,0.0,0.0,0.0,0.0,0.0,0.0,0.0,0.0,0.0,0.0,0.0,0.0,0.0,0.0,0.0,0.0,1.0,0.0,1.0,0.0,0.0,0.0,0.0,0.0,0.0,0.0,0.0,0.0,0.0,0.0,0.0,0.0,0.0,0.0,0.0,0.0,0.0,0.0,0.0,0.0,0.0,0.0,0.0,0.0,0.0,0.0,NC_002952.2,56271.0,1,1,0,5273.0,3806.0,3806.0,0.0,1,1.0,100.0,1.0,0.0,0.0,0.0,0.0,0.0,0.0,0.0,0.0,0.0,0.0,1.0,A,1.0,0,0.0
32,NC_002952.2,60077,.,T,A,37.202,PASS,.,GT:GQ,1:37,A,1.0,0.0,1.0,0.0,0.0,0.0,1.0,0.0,1.0,0.0,0.0,0.0,0.0,0.0,0.0,0.0,0.0,0.0,0.0,0.0,0.0,0.0,0.0,0.0,0.0,0.0,0.0,0.0,0.0,0.0,1.0,0.0,1.0,0.0,0.0,0.0,0.0,0.0,0.0,0.0,0.0,0.0,0.0,0.0,0.0,0.0,0.0,0.0,0.0,0.0,0.0,0.0,0.0,0.0,0.0,0.0,0.0,0.0,0.0,0.0,NC_002952.2,60077.0,1,1,0,3806.0,3097.0,3097.0,1.0,9,1.0,100.0,1.0,0.0,0.0,0.0,0.0,0.0,0.0,0.0,0.0,0.0,0.0,1.0,A,1.0,1,1.0
33,NC_002952.2,63174,.,C,G,56.684,PASS,.,GT:GQ,1:57,T,1.0,0.0,1.0,0.0,0.0,0.0,1.0,0.0,1.0,0.0,0.0,0.0,0.0,0.0,0.0,0.0,0.0,0.0,0.0,0.0,0.0,0.0,0.0,0.0,0.0,0.0,0.0,0.0,0.0,0.0,0.0,0.0,0.0,0.0,0.0,0.0,0.0,0.0,0.0,0.0,0.0,0.0,1.0,0.0,1.0,0.0,0.0,0.0,0.0,0.0,0.0,0.0,0.0,0.0,0.0,0.0,0.0,0.0,0.0,0.0,NC_002952.2,63174.0,1,1,0,3097.0,3524.0,3097.0,1.0,4,1.0,0.0,0.0,100.0,1.0,0.0,0.0,0.0,0.0,0.0,0.0,0.0,0.0,1.0,T,1.0,0,0.0
34,NC_002952.2,66698,.,C,T,54.765,PASS,.,GT:GQ,1:55,T,1.0,0.0,1.0,0.0,0.0,0.0,1.0,0.0,1.0,0.0,0.0,0.0,0.0,0.0,0.0,0.0,0.0,0.0,0.0,0.0,0.0,0.0,0.0,0.0,0.0,0.0,0.0,0.0,0.0,0.0,0.0,0.0,0.0,0.0,0.0,0.0,0.0,0.0,0.0,0.0,0.0,0.0,1.0,0.0,1.0,0.0,0.0,0.0,0.0,0.0,0.0,0.0,0.0,0.0,0.0,0.0,0.0,0.0,0.0,0.0,NC_002952.2,66698.0,1,1,0,3524.0,2843.0,2843.0,0.0,5,1.0,0.0,0.0,100.0,1.0,0.0,0.0,0.0,0.0,0.0,0.0,0.0,0.0,1.0,T,1.0,1,1.0
36,NC_002952.2,74074,.,G,C,54.765,PASS,.,GT:GQ,1:55,C,1.0,0.0,1.0,0.0,0.0,0.0,1.0,0.0,1.0,0.0,0.0,0.0,0.0,0.0,0.0,0.0,0.0,0.0,0.0,0.0,0.0,0.0,0.0,0.0,0.0,0.0,0.0,0.0,0.0,0.0,0.0,0.0,0.0,0.0,0.0,0.0,1.0,0.0,1.0,0.0,0.0,0.0,0.0,0.0,0.0,0.0,0.0,0.0,0.0,0.0,0.0,0.0,0.0,0.0,0.0,0.0,0.0,0.0,0.0,0.0,NC_002952.2,74074.0,1,1,0,4533.0,844.0,844.0,1.0,7,1.0,0.0,0.0,0.0,0.0,100.0,1.0,0.0,0.0,0.0,0.0,0.0,0.0,1.0,C,1.0,1,1.0
37,NC_002952.2,74918,.,A,C,51.833,PASS,.,GT:GQ,1:52,G,1.0,0.0,1.0,0.0,0.0,0.0,1.0,0.0,1.0,0.0,0.0,0.0,0.0,0.0,0.0,0.0,0.0,0.0,0.0,0.0,0.0,0.0,0.0,0.0,0.0,0.0,0.0,0.0,0.0,0.0,0.0,0.0,0.0,0.0,0.0,0.0,0.0,0.0,0.0,0.0,0.0,0.0,0.0,0.0,0.0,0.0,0.0,0.0,1.0,0.0,1.0,0.0,0.0,0.0,0.0,0.0,0.0,0.0,0.0,0.0,NC_002952.2,74918.0,1,1,0,844.0,1328.0,844.0,1.0,0,1.0,0.0,0.0,0.0,0.0,0.0,0.0,100.0,1.0,0.0,0.0,0.0,0.0,1.0,G,1.0,0,0.0
39,NC_002952.2,78410,.,A,T,53.109,PASS,.,GT:GQ,1:53,G,1.0,0.0,1.0,0.0,0.0,0.0,1.0,0.0,1.0,0.0,0.0,0.0,0.0,0.0,0.0,0.0,0.0,0.0,0.0,0.0,0.0,0.0,0.0,0.0,0.0,0.0,0.0,0.0,0.0,0.0,0.0,0.0,0.0,0.0,0.0,0.0,0.0,0.0,0.0,0.0,0.0,0.0,0.0,0.0,0.0,0.0,0.0,0.0,1.0,0.0,1.0,0.0,0.0,0.0,0.0,0.0,0.0,0.0,0.0,0.0,NC_002952.2,78410.0,1,1,0,2164.0,4642.0,2164.0,1.0,2,1.0,0.0,0.0,0.0,0.0,0.0,0.0,100.0,1.0,0.0,0.0,0.0,0.0,1.0,G,1.0,0,0.0
40,NC_002952.2,83052,.,C,G,66.227,PASS,.,GT:GQ,1:66,A,1.0,0.0,1.0,0.0,0.0,0.0,1.0,0.0,1.0,0.0,0.0,0.0,0.0,0.0,0.0,0.0,0.0,0.0,0.0,0.0,0.0,0.0,0.0,0.0,0.0,0.0,0.0,0.0,0.0,0.0,1.0,0.0,1.0,0.0,0.0,0.0,0.0,0.0,0.0,0.0,0.0,0.0,0.0,0.0,0.0,0.0,0.0,0.0,0.0,0.0,0.0,0.0,0.0,0.0,0.0,0.0,0.0,0.0,0.0,0.0,NC_002952.2,83052.0,1,1,0,4642.0,1215.0,1215.0,1.0,4,1.0,100.0,1.0,0.0,0.0,0.0,0.0,0.0,0.0,0.0,0.0,0.0,0.0,1.0,A,1.0,0,0.0
41,NC_002952.2,84267,.,A,G,57.776,PASS,.,GT:GQ,1:58,A,1.0,0.0,1.0,0.0,0.0,0.0,1.0,0.0,1.0,0.0,0.0,0.0,0.0,0.0,0.0,0.0,0.0,0.0,0.0,0.0,0.0,0.0,0.0,0.0,0.0,0.0,0.0,0.0,0.0,0.0,1.0,0.0,1.0,0.0,0.0,0.0,0.0,0.0,0.0,0.0,0.0,0.0,0.0,0.0,0.0,0.0,0.0,0.0,0.0,0.0,0.0,0.0,0.0,0.0,0.0,0.0,0.0,0.0,0.0,0.0,NC_002952.2,84267.0,1,1,0,1215.0,637.0,637.0,0.0,1,1.0,100.0,1.0,0.0,0.0,0.0,0.0,0.0,0.0,0.0,0.0,0.0,0.0,1.0,A,1.0,0,0.0
42,NC_002952.2,84904,.,C,A,64.466,PASS,.,GT:GQ,1:64,A,1.0,0.0,1.0,0.0,0.0,0.0,1.0,0.0,1.0,0.0,0.0,0.0,0.0,0.0,0.0,0.0,0.0,0.0,0.0,0.0,0.0,0.0,0.0,0.0,0.0,0.0,0.0,0.0,0.0,0.0,1.0,0.0,1.0,0.0,0.0,0.0,0.0,0.0,0.0,0.0,0.0,0.0,0.0,0.0,0.0,0.0,0.0,0.0,0.0,0.0,0.0,0.0,0.0,0.0,0.0,0.0,0.0,0.0,0.0,0.0,NC_002952.2,84904.0,1,1,0,637.0,1359.0,637.0,1.0,3,1.0,100.0,1.0,0.0,0.0,0.0,0.0,0.0,0.0,0.0,0.0,0.0,0.0,1.0,A,1.0,1,1.0
44,NC_002952.2,87302,.,C,A,58.445,PASS,.,GT:GQ,1:58,T,1.0,0.0,1.0,0.0,0.0,0.0,1.0,0.0,1.0,0.0,0.0,0.0,0.0,0.0,0.0,0.0,0.0,0.0,0.0,0.0,0.0,0.0,0.0,0.0,0.0,0.0,0.0,0.0,0.0,0.0,0.0,0.0,0.0,0.0,0.0,0.0,0.0,0.0,0.0,0.0,0.0,0.0,1.0,0.0,1.0,0.0,0.0,0.0,0.0,0.0,0.0,0.0,0.0,0.0,0.0,0.0,0.0,0.0,0.0,0.0,NC_002952.2,87302.0,1,1,0,1039.0,2589.0,1039.0,1.0,3,1.0,0.0,0.0,100.0,1.0,0.0,0.0,0.0,0.0,0.0,0.0,0.0,0.0,1.0,T,1.0,0,0.0
45,NC_002952.2,89891,.,T,A,56.932,PASS,.,GT:GQ,1:57,A,1.0,0.0,1.0,0.0,0.0,0.0,1.0,0.0,1.0,0.0,0.0,0.0,0.0,0.0,0.0,0.0,0.0,0.0,0.0,0.0,0.0,0.0,0.0,0.0,0.0,0.0,0.0,0.0,0.0,0.0,1.0,0.0,1.0,0.0,0.0,0.0,0.0,0.0,0.0,0.0,0.0,0.0,0.0,0.0,0.0,0.0,0.0,0.0,0.0,0.0,0.0,0.0,0.0,0.0,0.0,0.0,0.0,0.0,0.0,0.0,NC_002952.2,89891.0,1,1,0,2589.0,2943.0,2589.0,1.0,9,1.0,100.0,1.0,0.0,0.0,0.0,0.0,0.0,0.0,0.0,0.0,0.0,0.0,1.0,A,1.0,1,1.0
46,NC_002952.2,92834,.,C,G,45.832,PASS,.,GT:GQ,1:46,T,1.0,0.0,1.0,0.0,0.0,0.0,1.0,0.0,1.0,0.0,0.0,0.0,0.0,0.0,0.0,0.0,0.0,0.0,0.0,0.0,0.0,0.0,0.0,0.0,0.0,0.0,0.0,0.0,0.0,0.0,0.0,0.0,0.0,0.0,0.0,0.0,0.0,0.0,0.0,0.0,0.0,0.0,1.0,0.0,1.0,0.0,0.0,0.0,0.0,0.0,0.0,0.0,0.0,0.0,0.0,0.0,0.0,0.0,0.0,0.0,NC_002952.2,92834.0,1,1,0,2943.0,2248.0,2248.0,1.0,4,1.0,0.0,0.0,100.0,1.0,0.0,0.0,0.0,0.0,0.0,0.0,0.0,0.0,1.0,T,1.0,0,0.0
47,NC_002952.2,95082,.,G,T,55.087,PASS,.,GT:GQ,1:55,A,1.0,0.0,1.0,0.0,0.0,0.0,1.0,0.0,1.0,0.0,0.0,0.0,0.0,0.0,0.0,0.0,0.0,0.0,0.0,0.0,0.0,0.0,0.0,0.0,0.0,0.0,0.0,0.0,0.0,0.0,1.0,0.0,1.0,0.0,0.0,0.0,0.0,0.0,0.0,0.0,0.0,0.0,0.0,0.0,0.0,0.0,0.0,0.0,0.0,0.0,0.0,0.0,0.0,0.0,0.0,0.0,0.0,0.0,0.0,0.0,NC_002952.2,95082.0,1,1,0,2248.0,939.0,939.0,1.0,8,1.0,100.0,1.0,0.0,0.0,0.0,0.0,0.0,0.0,0.0,0.0,0.0,0.0,1.0,A,1.0,0,0.0
48,NC_002952.2,96021,.,G,T,56.684,PASS,.,GT:GQ,1:57,A,1.0,0.0,1.0,0.0,0.0,0.0,1.0,0.0,1.0,0.0,0.0,0.0,0.0,0.0,0.0,0.0,0.0,0.0,0.0,0.0,0.0,0.0,0.0,0.0,0.0,0.0,0.0,0.0,0.0,0.0,1.0,0.0,1.0,0.0,0.0,0.0,0.0,0.0,0.0,0.0,0.0,0.0,0.0,0.0,0.0,0.0,0.0,0.0,0.0,0.0,0.0,0.0,0.0,0.0,0.0,0.0,0.0,0.0,0.0,0.0,NC_002952.2,96021.0,1,1,0,939.0,2476.0,939.0,1.0,8,1.0,100.0,1.0,0.0,0.0,0.0,0.0,0.0,0.0,0.0,0.0,0.0,0.0,1.0,A,1.0,0,0.0
50,NC_002952.2,99482,.,G,C,61.455,PASS,.,GT:GQ,1:61,C,1.0,0.0,1.0,0.0,0.0,0.0,0.0,0.0,0.0,0.0,0.0,0.0,1.0,0.0,1.0,0.0,0.0,0.0,0.0,0.0,0.0,0.0,0.0,0.0,0.0,0.0,0.0,0.0,0.0,0.0,0.0,0.0,0.0,0.0,0.0,0.0,0.0,0.0,0.0,0.0,0.0,0.0,1.0,0.0,1.0,0.0,0.0,0.0,0.0,0.0,0.0,0.0,0.0,0.0,0.0,0.0,0.0,0.0,0.0,0.0,NC_002952.2,99482.0,1,1,0,985.0,4131.0,985.0,1.0,7,1.0,0.0,0.0,100.0,1.0,0.0,0.0,0.0,0.0,0.0,0.0,0.0,0.0,1.0,T,1.0,0,0.0
51,NC_002952.2,103613,.,C,A,58.445,PASS,.,GT:GQ,1:58,A,1.0,0.0,1.0,0.0,0.0,0.0,1.0,0.0,1.0,0.0,0.0,0.0,0.0,0.0,0.0,0.0,0.0,0.0,0.0,0.0,0.0,0.0,0.0,0.0,0.0,0.0,0.0,0.0,0.0,0.0,1.0,0.0,1.0,0.0,0.0,0.0,0.0,0.0,0.0,0.0,0.0,0.0,0.0,0.0,0.0,0.0,0.0,0.0,0.0,0.0,0.0,0.0,0.0,0.0,0.0,0.0,0.0,0.0,0.0,0.0,NC_002952.2,103613.0,1,1,0,4131.0,3555.0,3555.0,1.0,3,1.0,100.0,1.0,0.0,0.0,0.0,0.0,0.0,0.0,0.0,0.0,0.0,0.0,1.0,A,1.0,1,1.0
52,NC_002952.2,107168,.,A,T,60.786,PASS,.,GT:GQ,1:61,A,1.0,0.0,1.0,0.0,0.0,0.0,1.0,0.0,1.0,0.0,0.0,0.0,0.0,0.0,0.0,0.0,0.0,0.0,0.0,0.0,0.0,0.0,0.0,0.0,0.0,0.0,0.0,0.0,0.0,0.0,1.0,0.0,1.0,0.0,0.0,0.0,0.0,0.0,0.0,0.0,0.0,0.0,0.0,0.0,0.0,0.0,0.0,0.0,0.0,0.0,0.0,0.0,0.0,0.0,0.0,0.0,0.0,0.0,0.0,0.0,NC_002952.2,107168.0,1,1,0,3555.0,2207.0,2207.0,1.0,2,1.0,100.0,1.0,0.0,0.0,0.0,0.0,0.0,0.0,0.0,0.0,0.0,0.0,1.0,A,1.0,0,0.0
55,NC_002952.2,116635,.,G,A,50.848,PASS,.,GT:GQ,1:51,G,1.0,0.0,1.0,0.0,0.0,0.0,1.0,0.0,1.0,0.0,0.0,0.0,0.0,0.0,0.0,0.0,0.0,0.0,0.0,0.0,0.0,0.0,0.0,0.0,0.0,0.0,0.0,0.0,0.0,0.0,0.0,0.0,0.0,0.0,0.0,0.0,0.0,0.0,0.0,0.0,0.0,0.0,0.0,0.0,0.0,0.0,0.0,0.0,1.0,0.0,1.0,0.0,0.0,0.0,0.0,0.0,0.0,0.0,0.0,0.0,NC_002952.2,116635.0,1,1,0,5955.0,1334.0,1334.0,0.0,6,1.0,0.0,0.0,0.0,0.0,0.0,0.0,100.0,1.0,0.0,0.0,0.0,0.0,1.0,G,1.0,0,0.0
